{"NDCG@1": 0.30097, "NDCG@5": 0.2946, "NDCG@10": 0.32997, "NDCG@25": 0.36556, "NDCG@50": 0.39189, "NDCG@100": 0.41502, "MAP@1": 0.09972, "MAP@5": 0.20279, "MAP@10": 0.24023, "MAP@25": 0.25871, "MAP@50": 0.26602, "MAP@100": 0.26942, "Recall@1": 0.09972, "Recall@5": 0.28296, "Recall@10": 0.38754, "Recall@25": 0.49004, "Recall@50": 0.5822, "Recall@100": 0.68492, "P@1": 0.30097, "P@5": 0.2, "P@10": 0.14272, "P@25": 0.07495, "P@50": 0.04485, "P@100": 0.02573, "MRR": 0.41672}