{"NDCG@1": 0.21359, "NDCG@5": 0.21261, "NDCG@10": 0.24789, "NDCG@25": 0.28469, "NDCG@50": 0.30999, "NDCG@100": 0.33942, "MAP@1": 0.07972, "MAP@5": 0.148, "MAP@10": 0.17473, "MAP@25": 0.19192, "MAP@50": 0.19911, "MAP@100": 0.20305, "Recall@1": 0.07972, "Recall@5": 0.21315, "Recall@10": 0.30551, "Recall@25": 0.40316, "Recall@50": 0.48541, "Recall@100": 0.61289, "P@1": 0.21359, "P@5": 0.14175, "P@10": 0.10971, "P@25": 0.06175, "P@50": 0.03845, "P@100": 0.02359, "MRR": 0.31248}