{
  "NDCG@1": 0.24648,
  "NDCG@5": 0.22055,
  "NDCG@10": 0.24369,
  "NDCG@25": 0.27193,
  "NDCG@50": 0.28705,
  "NDCG@100": 0.30214,
  "MAP@1": 0.12711,
  "MAP@5": 0.18777,
  "MAP@10": 0.19766,
  "MAP@25": 0.20591,
  "MAP@50": 0.2089,
  "MAP@100": 0.21042,
  "Recall@1": 0.12711,
  "Recall@5": 0.23286,
  "Recall@10": 0.29472,
  "Recall@25": 0.39178,
  "Recall@50": 0.45599,
  "Recall@100": 0.53756,
  "P@1": 0.24648,
  "P@5": 0.09718,
  "P@10": 0.05986,
  "P@25": 0.0307,
  "P@50": 0.01803,
  "P@100": 0.01035,
  "MRR": 0.30449
}