{
  "NDCG@1": 0.19014,
  "NDCG@5": 0.17995,
  "NDCG@10": 0.19273,
  "NDCG@25": 0.2189,
  "NDCG@50": 0.22205,
  "NDCG@100": 0.23209,
  "MAP@1": 0.1007,
  "MAP@5": 0.15123,
  "MAP@10": 0.15874,
  "MAP@25": 0.16519,
  "MAP@50": 0.16563,
  "MAP@100": 0.16674,
  "Recall@1": 0.1007,
  "Recall@5": 0.19425,
  "Recall@10": 0.22406,
  "Recall@25": 0.31972,
  "Recall@50": 0.33322,
  "Recall@100": 0.38779,
  "P@1": 0.19014,
  "P@5": 0.08169,
  "P@10": 0.04789,
  "P@25": 0.02535,
  "P@50": 0.01324,
  "P@100": 0.00746,
  "MRR": 0.24176
}