{
  "NDCG@1": 0.61207,
  "NDCG@5": 0.52736,
  "NDCG@10": 0.54063,
  "NDCG@25": 0.5632,
  "NDCG@50": 0.58624,
  "NDCG@100": 0.60344,
  "MAP@1": 0.23317,
  "MAP@5": 0.38325,
  "MAP@10": 0.42145,
  "MAP@25": 0.44197,
  "MAP@50": 0.45124,
  "MAP@100": 0.45452,
  "Recall@1": 0.23317,
  "Recall@5": 0.4571,
  "Recall@10": 0.55126,
  "Recall@25": 0.64466,
  "Recall@50": 0.70572,
  "Recall@100": 0.77053,
  "P@1": 0.61207,
  "P@5": 0.32069,
  "P@10": 0.21552,
  "P@25": 0.10793,
  "P@50": 0.06362,
  "P@100": 0.03552,
  "MRR": 0.6984
}